name,party,country,norm_name
Mika AALTOLA,Group of the European People's Party (Christian Democrats),Finland,MIKA AALTOLA
Maravillas ABADÍA JOVER,Group of the European People's Party (Christian Democrats),Spain,MARAVILLAS ABADÍA JOVER
Magdalena ADAMOWICZ,Group of the European People's Party (Christian Democrats),Poland,MAGDALENA ADAMOWICZ
Georgios AFTIAS,Group of the European People's Party (Christian Democrats),Greece,GEORGIOS AFTIAS
Oihane AGIRREGOITIA MARTÍNEZ,Renew Europe Group,Spain,OIHANE AGIRREGOITIA MARTÍNEZ
Peter AGIUS,Group of the European People's Party (Christian Democrats),Malta,PETER AGIUS
Alex AGIUS SALIBA,Group of the Progressive Alliance of Socialists and Democrats in the European Parliament,Malta,ALEX AGIUS SALIBA
Galato ALEXANDRAKI,European Conservatives and Reformists Group,Greece,GALATO ALEXANDRAKI
Grégory ALLIONE,Renew Europe Group,France,GRÉGORY ALLIONE
Abir AL-SAHLANI,Renew Europe Group,Sweden,ABIR AL-SAHLANI
Nikolaos ANADIOTIS,Non-attached Members,Greece,NIKOLAOS ANADIOTIS
Christine ANDERSON,Europe of Sovereign Nations Group,Germany,CHRISTINE ANDERSON
Li ANDERSSON,The Left group in the European Parliament - GUE/NGL,Finland,LI ANDERSSON
Rasmus ANDRESEN,Group of the Greens/European Free Alliance,Germany,RASMUS ANDRESEN
Barry ANDREWS,Renew Europe Group,Ireland,BARRY ANDREWS
Mieke ANDRIESE,Patriots for Europe Group,Netherlands,MIEKE ANDRIESE
Vytenis Povilas ANDRIUKAITIS,Group of the Progressive Alliance of Socialists and Democrats in the European Parliament,Lithuania,VYTENIS POVILAS ANDRIUKAITIS
Mathilde ANDROUËT,Patriots for Europe Group,France,MATHILDE ANDROUËT
Marc ANGEL,Group of the Progressive Alliance of Socialists and Democrats in the European Parliament,Luxembourg,MARC ANGEL
Gerolf ANNEMANS,Patriots for Europe Group,Belgium,GEROLF ANNEMANS
Lucia ANNUNZIATA,Group of the Progressive Alliance of Socialists and Democrats in the European Parliament,Italy,LUCIA ANNUNZIATA
Giuseppe ANTOCI,The Left group in the European Parliament - GUE/NGL,Italy,GIUSEPPE ANTOCI
Pablo ARIAS ECHEVERRÍA,Group of the European People's Party (Christian Democrats),Spain,PABLO ARIAS ECHEVERRÍA
Pascal ARIMONT,Group of the European People's Party (Christian Democrats),Belgium,PASCAL ARIMONT
Bartosz ARŁUKOWICZ,Group of the European People's Party (Christian Democrats),Poland,BARTOSZ ARŁUKOWICZ
Sakis ARNAOUTOGLOU,Group of the Progressive Alliance of Socialists and Democrats in the European Parliament,Greece,SAKIS ARNAOUTOGLOU
Anja ARNDT,Europe of Sovereign Nations Group,Germany,ANJA ARNDT
Konstantinos ARVANITIS,The Left group in the European Parliament - GUE/NGL,Greece,KONSTANTINOS ARVANITIS
Jaume ASENS LLODRÀ,Group of the Greens/European Free Alliance,Spain,JAUME ASENS LLODRÀ
Francisco ASSIS,Group of the Progressive Alliance of Socialists and Democrats in the European Parliament,Portugal,FRANCISCO ASSIS
Daniel ATTARD,Group of the Progressive Alliance of Socialists and Democrats in the European Parliament,Malta,DANIEL ATTARD
Manon AUBRY,The Left group in the European Parliament - GUE/NGL,France,MANON AUBRY
René AUST,Europe of Sovereign Nations Group,Germany,RENÉ AUST
Petras AUŠTREVIČIUS,Renew Europe Group,Lithuania,PETRAS AUŠTREVIČIUS
Adrian-George AXINIA,European Conservatives and Reformists Group,Romania,ADRIAN-GEORGE AXINIA
Malik AZMANI,Renew Europe Group,Netherlands,MALIK AZMANI
Thomas BAJADA,Group of the Progressive Alliance of Socialists and Democrats in the European Parliament,Malta,THOMAS BAJADA
Jeannette BALJEU,Renew Europe Group,Netherlands,JEANNETTE BALJEU
Laura BALLARÍN CEREZA,Group of the Progressive Alliance of Socialists and Democrats in the European Parliament,Spain,LAURA BALLARÍN CEREZA
Jordan BARDELLA,Patriots for Europe Group,France,JORDAN BARDELLA
Katarina BARLEY,Group of the Progressive Alliance of Socialists and Democrats in the European Parliament,Germany,KATARINA BARLEY
Dan BARNA,Renew Europe Group,Romania,DAN BARNA
Pernando BARRENA ARZA,The Left group in the European Parliament - GUE/NGL,Spain,PERNANDO BARRENA ARZA
Stephen Nikola BARTULICA,European Conservatives and Reformists Group,Croatia,STEPHEN NIKOLA BARTULICA
Nikola BARTŮŠEK,Patriots for Europe Group,Czechia,NIKOLA BARTŮŠEK
Arno BAUSEMER,Europe of Sovereign Nations Group,Germany,ARNO BAUSEMER
Nicolas BAY,European Conservatives and Reformists Group,France,NICOLAS BAY
Christophe BAY,Patriots for Europe Group,France,CHRISTOPHE BAY
Wouter BEKE,Group of the European People's Party (Christian Democrats),Belgium,WOUTER BEKE
Fredis BELERIS,Group of the European People's Party (Christian Democrats),Greece,FREDIS BELERIS
François-Xavier BELLAMY,Group of the European People's Party (Christian Democrats),France,FRANÇOIS-XAVIER BELLAMY
Dragoş BENEA,Group of the Progressive Alliance of Socialists and Democrats in the European Parliament,Romania,DRAGOŞ BENEA
Brando BENIFEI,Group of the Progressive Alliance of Socialists and Democrats in the European Parliament,Italy,BRANDO BENIFEI
Isabel BENJUMEA BENJUMEA,Group of the European People's Party (Christian Democrats),Spain,ISABEL BENJUMEA BENJUMEA
Monika BEŇOVÁ,Non-attached Members,Slovakia,MONIKA BEŇOVÁ
Hildegard BENTELE,Group of the European People's Party (Christian Democrats),Germany,HILDEGARD BENTELE
Tom BERENDSEN,Group of the European People's Party (Christian Democrats),Netherlands,TOM BERENDSEN
Stefan BERGER,Group of the European People's Party (Christian Democrats),Germany,STEFAN BERGER
Sibylle BERG,Non-attached Members,Germany,SIBYLLE BERG
Sergio BERLATO,European Conservatives and Reformists Group,Italy,SERGIO BERLATO
Alexander BERNHUBER,Group of the European People's Party (Christian Democrats),Austria,ALEXANDER BERNHUBER
Robert BIEDROŃ,Group of the Progressive Alliance of Socialists and Democrats in the European Parliament,Poland,ROBERT BIEDROŃ
Adam BIELAN,European Conservatives and Reformists Group,Poland,ADAM BIELAN
Gabriele BISCHOFF,Group of the Progressive Alliance of Socialists and Democrats in the European Parliament,Germany,GABRIELE BISCHOFF
Ľuboš BLAHA,Non-attached Members,Slovakia,ĽUBOŠ BLAHA
Vilija BLINKEVIČIŪTĖ,Group of the Progressive Alliance of Socialists and Democrats in the European Parliament,Lithuania,VILIJA BLINKEVIČIŪTĖ
Rachel BLOM,Patriots for Europe Group,Netherlands,RACHEL BLOM
Michael BLOSS,Group of the Greens/European Free Alliance,Germany,MICHAEL BLOSS
Tobiasz BOCHEŃSKI,European Conservatives and Reformists Group,Poland,TOBIASZ BOCHEŃSKI
Damian BOESELAGER,Group of the Greens/European Free Alliance,Germany,DAMIAN BOESELAGER
Ioan-Rareş BOGDAN,Group of the European People's Party (Christian Democrats),Romania,IOAN-RAREŞ BOGDAN
Stefano BONACCINI,Group of the Progressive Alliance of Socialists and Democrats in the European Parliament,Italy,STEFANO BONACCINI
Barbara BONTE,Patriots for Europe Group,Belgium,BARBARA BONTE
Paolo BORCHIA,Patriots for Europe Group,Italy,PAOLO BORCHIA
Mireia BORRÁS PABÓN,Patriots for Europe Group,Spain,MIREIA BORRÁS PABÓN
Zsuzsanna BORVENDÉG,Europe of Sovereign Nations Group,Hungary,ZSUZSANNA BORVENDÉG
Biljana BORZAN,Group of the Progressive Alliance of Socialists and Democrats in the European Parliament,Croatia,BILJANA BORZAN
Gordan BOSANAC,Group of the Greens/European Free Alliance,Croatia,GORDAN BOSANAC
Irmhild BOẞDORF,Europe of Sovereign Nations Group,Germany,IRMHILD BOẞDORF
Stine BOSSE,Renew Europe Group,Denmark,STINE BOSSE
Marc BOTENGA,The Left group in the European Parliament - GUE/NGL,Belgium,MARC BOTENGA
Gilles BOYER,Renew Europe Group,France,GILLES BOYER
Lynn BOYLAN,The Left group in the European Parliament - GUE/NGL,Ireland,LYNN BOYLAN
Helmut BRANDSTÄTTER,Renew Europe Group,Austria,HELMUT BRANDSTÄTTER
Marie-Luce BRASIER-CLAIN,Patriots for Europe Group,France,MARIE-LUCE BRASIER-CLAIN
Grzegorz BRAUN,Non-attached Members,Poland,GRZEGORZ BRAUN
Krzysztof BREJZA,Group of the European People's Party (Christian Democrats),Poland,KRZYSZTOF BREJZA
Saskia BRICMONT,Group of the Greens/European Free Alliance,Belgium,SASKIA BRICMONT
Nikolina BRNJAC,Group of the European People's Party (Christian Democrats),Croatia,NIKOLINA BRNJAC
Joachim Stanisław BRUDZIŃSKI,European Conservatives and Reformists Group,Poland,JOACHIM STANISŁAW BRUDZIŃSKI
Anna BRYŁKA,Patriots for Europe Group,Poland,ANNA BRYŁKA
Markus BUCHHEIT,Europe of Sovereign Nations Group,Germany,MARKUS BUCHHEIT
Tomasz BUCZEK,Patriots for Europe Group,Poland,TOMASZ BUCZEK
Daniel BUDA,Group of the European People's Party (Christian Democrats),Romania,DANIEL BUDA
Waldemar BUDA,European Conservatives and Reformists Group,Poland,WALDEMAR BUDA
Borys BUDKA,Group of the European People's Party (Christian Democrats),Poland,BORYS BUDKA
Sebastião BUGALHO,Group of the European People's Party (Christian Democrats),Portugal,SEBASTIÃO BUGALHO
Andrzej BUŁA,Group of the European People's Party (Christian Democrats),Poland,ANDRZEJ BUŁA
Udo BULLMANN,Group of the Progressive Alliance of Socialists and Democrats in the European Parliament,Germany,UDO BULLMANN
Delara BURKHARDT,Group of the Progressive Alliance of Socialists and Democrats in the European Parliament,Germany,DELARA BURKHARDT
Jorge BUXADÉ VILLALBA,Patriots for Europe Group,Spain,JORGE BUXADÉ VILLALBA
Petr BYSTRON,Europe of Sovereign Nations Group,Germany,PETR BYSTRON
Jaroslav BŽOCH,Patriots for Europe Group,Czechia,JAROSLAV BŽOCH
Mélissa CAMARA,Group of the Greens/European Free Alliance,France,MÉLISSA CAMARA
Pascal CANFIN,Renew Europe Group,France,PASCAL CANFIN
Nina CARBERRY,Group of the European People's Party (Christian Democrats),Ireland,NINA CARBERRY
Gheorghe CÂRCIU,Group of the Progressive Alliance of Socialists and Democrats in the European Parliament,Romania,GHEORGHE CÂRCIU
Damien CARÊME,The Left group in the European Parliament - GUE/NGL,France,DAMIEN CARÊME
David CASA,Group of the European People's Party (Christian Democrats),Malta,DAVID CASA
Daniel CASPARY,Group of the European People's Party (Christian Democrats),Germany,DANIEL CASPARY
Benoit CASSART,Renew Europe Group,Belgium,BENOIT CASSART
Laurent CASTILLO,Group of the European People's Party (Christian Democrats),France,LAURENT CASTILLO
Pilar DEL CASTILLO VERA,Group of the European People's Party (Christian Democrats),Spain,PILAR DEL CASTILLO VERA
Anna CAVAZZINI,Group of the Greens/European Free Alliance,Germany,ANNA CAVAZZINI
Stefano CAVEDAGNA,European Conservatives and Reformists Group,Italy,STEFANO CAVEDAGNA
Susanna CECCARDI,Patriots for Europe Group,Italy,SUSANNA CECCARDI
José CEPEDA,Group of the Progressive Alliance of Socialists and Democrats in the European Parliament,Spain,JOSÉ CEPEDA
Estelle CEULEMANS,Group of the Progressive Alliance of Socialists and Democrats in the European Parliament,Belgium,ESTELLE CEULEMANS
Mohammed CHAHIM,Group of the Progressive Alliance of Socialists and Democrats in the European Parliament,Netherlands,MOHAMMED CHAHIM
Leila CHAIBI,The Left group in the European Parliament - GUE/NGL,France,LEILA CHAIBI
Olivier CHASTEL,Renew Europe Group,Belgium,OLIVIER CHASTEL
Caterina CHINNICI,Group of the European People's Party (Christian Democrats),Italy,CATERINA CHINNICI
Asger CHRISTENSEN,Renew Europe Group,Denmark,ASGER CHRISTENSEN
Carlo CICCIOLI,European Conservatives and Reformists Group,Italy,CARLO CICCIOLI
Veronika CIFROVÁ OSTRIHOŇOVÁ,Renew Europe Group,Slovakia,VERONIKA CIFROVÁ OSTRIHOŇOVÁ
Alessandro CIRIANI,European Conservatives and Reformists Group,Italy,ALESSANDRO CIRIANI
Anna Maria CISINT,Patriots for Europe Group,Italy,ANNA MARIA CISINT
Per CLAUSEN,The Left group in the European Parliament - GUE/NGL,Denmark,PER CLAUSEN
Christophe CLERGEAU,Group of the Progressive Alliance of Socialists and Democrats in the European Parliament,France,CHRISTOPHE CLERGEAU
David CORMAND,Group of the Greens/European Free Alliance,France,DAVID CORMAND
Annalisa CORRADO,Group of the Progressive Alliance of Socialists and Democrats in the European Parliament,Italy,ANNALISA CORRADO
Vivien COSTANZO,Group of the Progressive Alliance of Socialists and Democrats in the European Parliament,Germany,VIVIEN COSTANZO
João COTRIM DE FIGUEIREDO,Renew Europe Group,Portugal,JOÃO COTRIM DE FIGUEIREDO
Barry COWEN,Renew Europe Group,Ireland,BARRY COWEN
Tobias CREMER,Group of the Progressive Alliance of Socialists and Democrats in the European Parliament,Germany,TOBIAS CREMER
Carmen CRESPO DÍAZ,Group of the European People's Party (Christian Democrats),Spain,CARMEN CRESPO DÍAZ
Andi CRISTEA,Group of the Progressive Alliance of Socialists and Democrats in the European Parliament,Romania,ANDI CRISTEA
Giovanni CROSETTO,European Conservatives and Reformists Group,Italy,GIOVANNI CROSETTO
Paulo CUNHA,Group of the European People's Party (Christian Democrats),Portugal,PAULO CUNHA
Henrik DAHL,Group of the European People's Party (Christian Democrats),Denmark,HENRIK DAHL
Johan DANIELSSON,Group of the Progressive Alliance of Socialists and Democrats in the European Parliament,Sweden,JOHAN DANIELSSON
Marie DAUCHY,Patriots for Europe Group,France,MARIE DAUCHY
Dóra DÁVID,Group of the European People's Party (Christian Democrats),Hungary,DÓRA DÁVID
Ivan DAVID,Europe of Sovereign Nations Group,Czechia,IVAN DAVID
Antonio DECARO,Group of the Progressive Alliance of Socialists and Democrats in the European Parliament,Italy,ANTONIO DECARO
Jérémy DECERLE,Renew Europe Group,France,JÉRÉMY DECERLE
Raúl DE LA HOZ QUINTANO,Group of the European People's Party (Christian Democrats),Spain,RAÚL DE LA HOZ QUINTANO
Danilo DELLA VALLE,The Left group in the European Parliament - GUE/NGL,Italy,DANILO DELLA VALLE
Valérie DELOGE,Patriots for Europe Group,France,VALÉRIE DELOGE
Fabio DE MASI,Non-attached Members,Germany,FABIO DE MASI
Salvatore DE MEO,Group of the European People's Party (Christian Democrats),Italy,SALVATORE DE MEO
Özlem DEMIREL,The Left group in the European Parliament - GUE/NGL,Germany,ÖZLEM DEMIREL
Tamás DEUTSCH,Patriots for Europe Group,Hungary,TAMÁS DEUTSCH
Valérie DEVAUX,Renew Europe Group,France,VALÉRIE DEVAUX
Adnan DIBRANI,Group of the Progressive Alliance of Socialists and Democrats in the European Parliament,Sweden,ADNAN DIBRANI
Ton DIEPEVEEN,Patriots for Europe Group,Netherlands,TON DIEPEVEEN
Elisabeth DIERINGER,Patriots for Europe Group,Austria,ELISABETH DIERINGER
Vasile DÎNCU,Group of the Progressive Alliance of Socialists and Democrats in the European Parliament,Romania,VASILE DÎNCU
Elio DI RUPO,Group of the Progressive Alliance of Socialists and Democrats in the European Parliament,Belgium,ELIO DI RUPO
Mélanie DISDIER,Patriots for Europe Group,France,MÉLANIE DISDIER
Klára DOBREV,Group of the Progressive Alliance of Socialists and Democrats in the European Parliament,Hungary,KLÁRA DOBREV
Regina DOHERTY,Group of the European People's Party (Christian Democrats),Ireland,REGINA DOHERTY
Christian DOLESCHAL,Group of the European People's Party (Christian Democrats),Germany,CHRISTIAN DOLESCHAL
Csaba DÖMÖTÖR,Patriots for Europe Group,Hungary,CSABA DÖMÖTÖR
Paulo DO NASCIMENTO CABRAL,Group of the European People's Party (Christian Democrats),Portugal,PAULO DO NASCIMENTO CABRAL
Elena DONAZZAN,European Conservatives and Reformists Group,Italy,ELENA DONAZZAN
Herbert DORFMANN,Group of the European People's Party (Christian Democrats),Italy,HERBERT DORFMANN
Klara DOSTALOVA,Patriots for Europe Group,Czechia,KLARA DOSTALOVA
Ondřej DOSTÁL,Non-attached Members,Czechia,ONDŘEJ DOSTÁL
Siegbert Frank DROESE,Europe of Sovereign Nations Group,Germany,SIEGBERT FRANK DROESE
Lena DÜPONT,Group of the European People's Party (Christian Democrats),Germany,LENA DÜPONT
Michał DWORCZYK,European Conservatives and Reformists Group,Poland,MICHAŁ DWORCZYK
Matthias ECKE,Group of the Progressive Alliance of Socialists and Democrats in the European Parliament,Germany,MATTHIAS ECKE
Christian EHLER,Group of the European People's Party (Christian Democrats),Germany,CHRISTIAN EHLER
Marieke EHLERS,Patriots for Europe Group,Netherlands,MARIEKE EHLERS
Bas EICKHOUT,Group of the Greens/European Free Alliance,Netherlands,BAS EICKHOUT
Sofie ERIKSSON,Group of the Progressive Alliance of Socialists and Democrats in the European Parliament,Sweden,SOFIE ERIKSSON
Dick ERIXON,European Conservatives and Reformists Group,Sweden,DICK ERIXON
Engin EROGLU,Renew Europe Group,Germany,ENGIN EROGLU
Rosa ESTARÀS FERRAGUT,Group of the European People's Party (Christian Democrats),Spain,ROSA ESTARÀS FERRAGUT
Sebastian EVERDING,The Left group in the European Parliament - GUE/NGL,Germany,SEBASTIAN EVERDING
Alma EZCURRA ALMANSA,Group of the European People's Party (Christian Democrats),Spain,ALMA EZCURRA ALMANSA
Gheorghe FALCĂ,Group of the European People's Party (Christian Democrats),Romania,GHEORGHE FALCĂ
Marco FALCONE,Group of the European People's Party (Christian Democrats),Italy,MARCO FALCONE
Nikolas FARANTOURIS,The Left group in the European Parliament - GUE/NGL,Greece,NIKOLAS FARANTOURIS
Laurence FARRENG,Renew Europe Group,France,LAURENCE FARRENG
Jan FARSKÝ,Group of the European People's Party (Christian Democrats),Czechia,JAN FARSKÝ
Markus FERBER,Group of the European People's Party (Christian Democrats),Germany,MARKUS FERBER
Viktória FERENC,Patriots for Europe Group,Hungary,VIKTÓRIA FERENC
Jonás FERNÁNDEZ,Group of the Progressive Alliance of Socialists and Democrats in the European Parliament,Spain,JONÁS FERNÁNDEZ
Carlo FIDANZA,European Conservatives and Reformists Group,Italy,CARLO FIDANZA
Pietro FIOCCHI,European Conservatives and Reformists Group,Italy,PIETRO FIOCCHI
Gabriela FIREA,Group of the Progressive Alliance of Socialists and Democrats in the European Parliament,Romania,GABRIELA FIREA
Ruth FIRMENICH,Non-attached Members,Germany,RUTH FIRMENICH
Claire FITA,Group of the Progressive Alliance of Socialists and Democrats in the European Parliament,France,CLAIRE FITA
Luke Ming FLANAGAN,The Left group in the European Parliament - GUE/NGL,Ireland,LUKE MING FLANAGAN
Loucas FOURLAS,Group of the European People's Party (Christian Democrats),Cyprus,LOUCAS FOURLAS
Emma FOURREAU,The Left group in the European Parliament - GUE/NGL,France,EMMA FOURREAU
Emmanouil FRAGKOS,European Conservatives and Reformists Group,Greece,EMMANOUIL FRAGKOS
Daniel FREUND,Group of the Greens/European Free Alliance,Germany,DANIEL FREUND
Anne-Sophie FRIGOUT,Patriots for Europe Group,France,ANNE-SOPHIE FRIGOUT
Sigrid FRIIS,Renew Europe Group,Denmark,SIGRID FRIIS
Heléne FRITZON,Group of the Progressive Alliance of Socialists and Democrats in the European Parliament,Sweden,HELÉNE FRITZON
Tomasz FROELICH,Europe of Sovereign Nations Group,Germany,TOMASZ FROELICH
Niels FUGLSANG,Group of the Progressive Alliance of Socialists and Democrats in the European Parliament,Denmark,NIELS FUGLSANG
Kathleen FUNCHION,The Left group in the European Parliament - GUE/NGL,Ireland,KATHLEEN FUNCHION
Angéline FURET,Patriots for Europe Group,France,ANGÉLINE FURET
Mario FURORE,The Left group in the European Parliament - GUE/NGL,Italy,MARIO FURORE
Michael GAHLER,Group of the European People's Party (Christian Democrats),Germany,MICHAEL GAHLER
Kinga GÁL,Patriots for Europe Group,Hungary,KINGA GÁL
Estrella GALÁN,The Left group in the European Parliament - GUE/NGL,Spain,ESTRELLA GALÁN
Lina GÁLVEZ,Group of the Progressive Alliance of Socialists and Democrats in the European Parliament,Spain,LINA GÁLVEZ
Alberico GAMBINO,European Conservatives and Reformists Group,Italy,ALBERICO GAMBINO
Iratxe GARCÍA PÉREZ,Group of the Progressive Alliance of Socialists and Democrats in the European Parliament,Spain,IRATXE GARCÍA PÉREZ
Raquel GARCÍA HERMIDA-VAN DER WALLE,Renew Europe Group,Netherlands,RAQUEL GARCÍA HERMIDA-VAN DER WALLE
Jean-Paul GARRAUD,Patriots for Europe Group,France,JEAN-PAUL GARRAUD
Kamila GASIUK-PIHOWICZ,Group of the European People's Party (Christian Democrats),Poland,KAMILA GASIUK-PIHOWICZ
Geadis GEADI,European Conservatives and Reformists Group,Cyprus,GEADIS GEADI
Hanna GEDIN,The Left group in the European Parliament - GUE/NGL,Sweden,HANNA GEDIN
Alexandra GEESE,Group of the Greens/European Free Alliance,Germany,ALEXANDRA GEESE
Jens GEIER,Group of the Progressive Alliance of Socialists and Democrats in the European Parliament,Germany,JENS GEIER
Thomas GEISEL,Non-attached Members,Germany,THOMAS GEISEL
Chiara GEMMA,European Conservatives and Reformists Group,Italy,CHIARA GEMMA
Giorgos GEORGIOU,The Left group in the European Parliament - GUE/NGL,Cyprus,GIORGOS GEORGIOU
Gerben-Jan GERBRANDY,Renew Europe Group,Netherlands,GERBEN-JAN GERBRANDY
Jean-Marc GERMAIN,Group of the Progressive Alliance of Socialists and Democrats in the European Parliament,France,JEAN-MARC GERMAIN
Gabriella GERZSENYI,Group of the European People's Party (Christian Democrats),Hungary,GABRIELLA GERZSENYI
Niels GEUKING,Group of the European People's Party (Christian Democrats),Germany,NIELS GEUKING
Jens GIESEKE,Group of the European People's Party (Christian Democrats),Germany,JENS GIESEKE
Borja GIMÉNEZ LARRAZ,Group of the European People's Party (Christian Democrats),Spain,BORJA GIMÉNEZ LARRAZ
Juan Carlos GIRAUTA VIDAL,Patriots for Europe Group,Spain,JUAN CARLOS GIRAUTA VIDAL
Sunčana GLAVAK,Group of the European People's Party (Christian Democrats),Croatia,SUNČANA GLAVAK
Andreas GLÜCK,Renew Europe Group,Germany,ANDREAS GLÜCK
Raphaël GLUCKSMANN,Group of the Progressive Alliance of Socialists and Democrats in the European Parliament,France,RAPHAËL GLUCKSMANN
Charles GOERENS,Renew Europe Group,Luxembourg,CHARLES GOERENS
Christophe GOMART,Group of the European People's Party (Christian Democrats),France,CHRISTOPHE GOMART
Isilda GOMES,Group of the Progressive Alliance of Socialists and Democrats in the European Parliament,Portugal,ISILDA GOMES
Sandra GÓMEZ LÓPEZ,Group of the Progressive Alliance of Socialists and Democrats in the European Parliament,Spain,SANDRA GÓMEZ LÓPEZ
Bruno GONÇALVES,Group of the Progressive Alliance of Socialists and Democrats in the European Parliament,Portugal,BRUNO GONÇALVES
Sérgio GONÇALVES,Group of the Progressive Alliance of Socialists and Democrats in the European Parliament,Portugal,SÉRGIO GONÇALVES
Nicolás GONZÁLEZ CASARES,Group of the Progressive Alliance of Socialists and Democrats in the European Parliament,Spain,NICOLÁS GONZÁLEZ CASARES
Esteban GONZÁLEZ PONS,Group of the European People's Party (Christian Democrats),Spain,ESTEBAN GONZÁLEZ PONS
Giorgio GORI,Group of the Progressive Alliance of Socialists and Democrats in the European Parliament,Italy,GIORGIO GORI
Małgorzata GOSIEWSKA,European Conservatives and Reformists Group,Poland,MAŁGORZATA GOSIEWSKA
Dirk GOTINK,Group of the European People's Party (Christian Democrats),Netherlands,DIRK GOTINK
Sandro GOZI,Renew Europe Group,France,SANDRO GOZI
Maria GRAPINI,Group of the Progressive Alliance of Socialists and Democrats in the European Parliament,Romania,MARIA GRAPINI
Petras GRAŽULIS,Europe of Sovereign Nations Group,Lithuania,PETRAS GRAŽULIS
Markéta GREGOROVÁ,Group of the Greens/European Free Alliance,Czechia,MARKÉTA GREGOROVÁ
Branko GRIMS,Group of the European People's Party (Christian Democrats),Slovenia,BRANKO GRIMS
Catherine GRISET,Patriots for Europe Group,France,CATHERINE GRISET
Hanna GRONKIEWICZ-WALTZ,Group of the European People's Party (Christian Democrats),Poland,HANNA GRONKIEWICZ-WALTZ
Bart GROOTHUIS,Renew Europe Group,Netherlands,BART GROOTHUIS
Elisabeth GROSSMANN,Group of the Progressive Alliance of Socialists and Democrats in the European Parliament,Austria,ELISABETH GROSSMANN
Christophe GRUDLER,Renew Europe Group,France,CHRISTOPHE GRUDLER
Elisabetta GUALMINI,Group of the Progressive Alliance of Socialists and Democrats in the European Parliament,Italy,ELISABETTA GUALMINI
Cristina GUARDA,Group of the Greens/European Free Alliance,Italy,CRISTINA GUARDA
Bernard GUETTA,Renew Europe Group,France,BERNARD GUETTA
Martin GÜNTHER,The Left group in the European Parliament - GUE/NGL,Germany,MARTIN GÜNTHER
Maria GUZENINA,Group of the Progressive Alliance of Socialists and Democrats in the European Parliament,Finland,MARIA GUZENINA
Enikő GYŐRI,Patriots for Europe Group,Hungary,ENIKŐ GYŐRI
András GYÜRK,Patriots for Europe Group,Hungary,ANDRÁS GYÜRK
Michalis HADJIPANTELA,Group of the European People's Party (Christian Democrats),Cyprus,MICHALIS HADJIPANTELA
Svenja HAHN,Renew Europe Group,Germany,SVENJA HAHN
Roman HAIDER,Patriots for Europe Group,Austria,ROMAN HAIDER
Andrzej HALICKI,Group of the European People's Party (Christian Democrats),Poland,ANDRZEJ HALICKI
Niels Flemming HANSEN,Group of the European People's Party (Christian Democrats),Denmark,NIELS FLEMMING HANSEN
Rima HASSAN,The Left group in the European Parliament - GUE/NGL,France,RIMA HASSAN
Gerald HAUSER,Patriots for Europe Group,Austria,GERALD HAUSER
Martin HÄUSLING,Group of the Greens/European Free Alliance,Germany,MARTIN HÄUSLING
Mircea-Gheorghe HAVA,Group of the European People's Party (Christian Democrats),Romania,MIRCEA-GHEORGHE HAVA
Valérie HAYER,Renew Europe Group,France,VALÉRIE HAYER
Anja HAZEKAMP,The Left group in the European Parliament - GUE/NGL,Netherlands,ANJA HAZEKAMP
Hannes HEIDE,Group of the Progressive Alliance of Socialists and Democrats in the European Parliament,Austria,HANNES HEIDE
Eero HEINÄLUOMA,Group of the Progressive Alliance of Socialists and Democrats in the European Parliament,Finland,EERO HEINÄLUOMA
Anna-Maja HENRIKSSON,Renew Europe Group,Finland,ANNA-MAJA HENRIKSSON
Niclas HERBST,Group of the European People's Party (Christian Democrats),Germany,NICLAS HERBST
Esther HERRANZ GARCÍA,Group of the European People's Party (Christian Democrats),Spain,ESTHER HERRANZ GARCÍA
Krzysztof HETMAN,Group of the European People's Party (Christian Democrats),Poland,KRZYSZTOF HETMAN
Monika HOHLMEIER,Group of the European People's Party (Christian Democrats),Germany,MONIKA HOHLMEIER
Martin HOJSÍK,Renew Europe Group,Slovakia,MARTIN HOJSÍK
Pär HOLMGREN,Group of the Greens/European Free Alliance,Sweden,PÄR HOLMGREN
György HÖLVÉNYI,Patriots for Europe Group,Hungary,GYÖRGY HÖLVÉNYI
Alicia HOMS GINEL,Group of the Progressive Alliance of Socialists and Democrats in the European Parliament,Spain,ALICIA HOMS GINEL
Sérgio HUMBERTO,Group of the European People's Party (Christian Democrats),Portugal,SÉRGIO HUMBERTO
Ivars IJABS,Renew Europe Group,Latvia,IVARS IJABS
Céline IMART,Group of the European People's Party (Christian Democrats),France,CÉLINE IMART
Evin INCIR,Group of the Progressive Alliance of Socialists and Democrats in the European Parliament,Sweden,EVIN INCIR
Paolo INSELVINI,European Conservatives and Reformists Group,Italy,PAOLO INSELVINI
Diana IOVANOVICI ŞOŞOACĂ,Non-attached Members,Romania,DIANA IOVANOVICI ŞOŞOACĂ
Patryk JAKI,European Conservatives and Reformists Group,Poland,PATRYK JAKI
Hana JALLOUL MURO,Group of the Progressive Alliance of Socialists and Democrats in the European Parliament,Spain,HANA JALLOUL MURO
France JAMET,Patriots for Europe Group,France,FRANCE JAMET
Adam JARUBAS,Group of the European People's Party (Christian Democrats),Poland,ADAM JARUBAS
Romana JERKOVIĆ,Group of the Progressive Alliance of Socialists and Democrats in the European Parliament,Croatia,ROMANA JERKOVIĆ
Marc JONGEN,Europe of Sovereign Nations Group,Germany,MARC JONGEN
Dariusz JOŃSKI,Group of the European People's Party (Christian Democrats),Poland,DARIUSZ JOŃSKI
Virginie JORON,Patriots for Europe Group,France,VIRGINIE JORON
Pierre JOUVET,Group of the Progressive Alliance of Socialists and Democrats in the European Parliament,France,PIERRE JOUVET
Irena JOVEVA,Renew Europe Group,Slovenia,IRENA JOVEVA
Rasa JUKNEVIČIENĖ,Group of the European People's Party (Christian Democrats),Lithuania,RASA JUKNEVIČIENĖ
Nora JUNCO GARCÍA,European Conservatives and Reformists Group,Spain,NORA JUNCO GARCÍA
Alexander JUNGBLUTH,Europe of Sovereign Nations Group,Germany,ALEXANDER JUNGBLUTH
Taner KABILOV,Non-attached Members,Bulgaria,TANER KABILOV
François KALFON,Group of the Progressive Alliance of Socialists and Democrats in the European Parliament,France,FRANÇOIS KALFON
Erik KALIŇÁK,Non-attached Members,Slovakia,ERIK KALIŇÁK
Marina KALJURAND,Group of the Progressive Alliance of Socialists and Democrats in the European Parliament,Estonia,MARINA KALJURAND
Sandra KALNIETE,Group of the European People's Party (Christian Democrats),Latvia,SANDRA KALNIETE
Mariusz KAMIŃSKI,European Conservatives and Reformists Group,Poland,MARIUSZ KAMIŃSKI
Radan KANEV,Group of the European People's Party (Christian Democrats),Bulgaria,RADAN KANEV
Assita KANKO,European Conservatives and Reformists Group,Belgium,ASSITA KANKO
Karin KARLSBRO,Renew Europe Group,Sweden,KARIN KARLSBRO
Fernand KARTHEISER,Non-attached Members,Luxembourg,FERNAND KARTHEISER
Ľubica KARVAŠOVÁ,Renew Europe Group,Slovakia,ĽUBICA KARVAŠOVÁ
Elsi KATAINEN,Renew Europe Group,Finland,ELSI KATAINEN
Emmanouil KEFALOGIANNIS,Group of the European People's Party (Christian Democrats),Greece,EMMANOUIL KEFALOGIANNIS
Billy KELLEHER,Renew Europe Group,Ireland,BILLY KELLEHER
Fabienne KELLER,Renew Europe Group,France,FABIENNE KELLER
Seán KELLY,Group of the European People's Party (Christian Democrats),Ireland,SEÁN KELLY
Martine KEMP,Group of the European People's Party (Christian Democrats),Luxembourg,MARTINE KEMP
Rudi KENNES,The Left group in the European Parliament - GUE/NGL,Belgium,RUDI KENNES
Mary KHAN,Europe of Sovereign Nations Group,Germany,MARY KHAN
Sophia KIRCHER,Group of the European People's Party (Christian Democrats),Austria,SOPHIA KIRCHER
Sarah KNAFO,Europe of Sovereign Nations Group,France,SARAH KNAFO
Ondřej KNOTEK,Patriots for Europe Group,Czechia,ONDŘEJ KNOTEK
Jaroslav KNOT,Patriots for Europe Group,Czechia,JAROSLAV KNOT
Michał KOBOSKO,Renew Europe Group,Poland,MICHAŁ KOBOSKO
Stefan KÖHLER,Group of the European People's Party (Christian Democrats),Germany,STEFAN KÖHLER
Łukasz KOHUT,Group of the European People's Party (Christian Democrats),Poland,ŁUKASZ KOHUT
Arba KOKALARI,Group of the European People's Party (Christian Democrats),Sweden,ARBA KOKALARI
Ondřej KOLÁŘ,Group of the European People's Party (Christian Democrats),Czechia,ONDŘEJ KOLÁŘ
Kinga KOLLÁR,Group of the European People's Party (Christian Democrats),Hungary,KINGA KOLLÁR
Rihards KOLS,European Conservatives and Reformists Group,Latvia,RIHARDS KOLS
Kateřina KONEČNÁ,Non-attached Members,Czechia,KATEŘINA KONEČNÁ
Ewa KOPACZ,Group of the European People's Party (Christian Democrats),Poland,EWA KOPACZ
Moritz KÖRNER,Renew Europe Group,Germany,MORITZ KÖRNER
Elena KOUNTOURA,The Left group in the European Parliament - GUE/NGL,Greece,ELENA KOUNTOURA
Andrey KOVATCHEV,Group of the European People's Party (Christian Democrats),Bulgaria,ANDREY KOVATCHEV
Vilis KRIŠTOPANS,Patriots for Europe Group,Latvia,VILIS KRIŠTOPANS
Sebastian KRUIS,Patriots for Europe Group,Netherlands,SEBASTIAN KRUIS
Ondřej KRUTÍLEK,European Conservatives and Reformists Group,Czechia,ONDŘEJ KRUTÍLEK
Tomáš KUBÍN,Patriots for Europe Group,Czechia,TOMÁŠ KUBÍN
Alice KUHNKE,Group of the Greens/European Free Alliance,Sweden,ALICE KUHNKE
András Tivadar KULJA,Group of the European People's Party (Christian Democrats),Hungary,ANDRÁS TIVADAR KULJA
Katri KULMUNI,Renew Europe Group,Finland,KATRI KULMUNI
Merja KYLLÖNEN,The Left group in the European Parliament - GUE/NGL,Finland,MERJA KYLLÖNEN
Ilhan KYUCHYUK,Renew Europe Group,Bulgaria,ILHAN KYUCHYUK
Sergey LAGODINSKY,Group of the Greens/European Free Alliance,Germany,SERGEY LAGODINSKY
Eszter LAKOS,Group of the European People's Party (Christian Democrats),Hungary,ESZTER LAKOS
Aurore LALUCQ,Group of the Progressive Alliance of Socialists and Democrats in the European Parliament,France,AURORE LALUCQ
Bernd LANGE,Group of the Progressive Alliance of Socialists and Democrats in the European Parliament,Germany,BERND LANGE
Katrin LANGENSIEPEN,Group of the Greens/European Free Alliance,Germany,KATRIN LANGENSIEPEN
Judita LAŠŠÁKOVÁ,Non-attached Members,Slovakia,JUDITA LAŠŠÁKOVÁ
András LÁSZLÓ,Patriots for Europe Group,Hungary,ANDRÁS LÁSZLÓ
Afroditi LATINOPOULOU,Patriots for Europe Group,Greece,AFRODITI LATINOPOULOU
Murielle LAURENT,Group of the Progressive Alliance of Socialists and Democrats in the European Parliament,France,MURIELLE LAURENT
Camilla LAURETI,Group of the Progressive Alliance of Socialists and Democrats in the European Parliament,Italy,CAMILLA LAURETI
Rada LAYKOVA,Europe of Sovereign Nations Group,Bulgaria,RADA LAYKOVA
Ilia LAZAROV,Group of the European People's Party (Christian Democrats),Bulgaria,ILIA LAZAROV
Luis-Vicențiu LAZARUS,Non-attached Members,Romania,LUIS-VICENȚIU LAZARUS
Isabelle LE CALLENNEC,Group of the European People's Party (Christian Democrats),France,ISABELLE LE CALLENNEC
Fabrice LEGGERI,Patriots for Europe Group,France,FABRICE LEGGERI
Jeroen LENAERS,Group of the European People's Party (Christian Democrats),Netherlands,JEROEN LENAERS
Julien LEONARDELLI,Patriots for Europe Group,France,JULIEN LEONARDELLI
Janusz LEWANDOWSKI,Group of the European People's Party (Christian Democrats),Poland,JANUSZ LEWANDOWSKI
Miriam LEXMANN,Group of the European People's Party (Christian Democrats),Slovakia,MIRIAM LEXMANN
Peter LIESE,Group of the European People's Party (Christian Democrats),Germany,PETER LIESE
Norbert LINS,Group of the European People's Party (Christian Democrats),Germany,NORBERT LINS
Nathalie LOISEAU,Renew Europe Group,France,NATHALIE LOISEAU
Morten LØKKEGAARD,Renew Europe Group,Denmark,MORTEN LØKKEGAARD
Reinhold LOPATKA,Group of the European People's Party (Christian Democrats),Austria,REINHOLD LOPATKA
Javi LÓPEZ,Group of the Progressive Alliance of Socialists and Democrats in the European Parliament,Spain,JAVI LÓPEZ
Juan Fernando LÓPEZ AGUILAR,Group of the Progressive Alliance of Socialists and Democrats in the European Parliament,Spain,JUAN FERNANDO LÓPEZ AGUILAR
Antonio LÓPEZ-ISTÚRIZ WHITE,Group of the European People's Party (Christian Democrats),Spain,ANTONIO LÓPEZ-ISTÚRIZ WHITE
Isabella LÖVIN,Group of the Greens/European Free Alliance,Sweden,ISABELLA LÖVIN
Mimmo LUCANO,The Left group in the European Parliament - GUE/NGL,Italy,MIMMO LUCANO
César LUENA,Group of the Progressive Alliance of Socialists and Democrats in the European Parliament,Spain,CÉSAR LUENA
Elżbieta Katarzyna ŁUKACIJEWSKA,Group of the European People's Party (Christian Democrats),Poland,ELŻBIETA KATARZYNA ŁUKACIJEWSKA
Giuseppe LUPO,Group of the Progressive Alliance of Socialists and Democrats in the European Parliament,Italy,GIUSEPPE LUPO
David MCALLISTER,Group of the European People's Party (Christian Democrats),Germany,DAVID MCALLISTER
Jaak MADISON,European Conservatives and Reformists Group,Estonia,JAAK MADISON
Cristina MAESTRE,Group of the Progressive Alliance of Socialists and Democrats in the European Parliament,Spain,CRISTINA MAESTRE
Lara MAGONI,European Conservatives and Reformists Group,Italy,LARA MAGONI
Péter MAGYAR,Group of the European People's Party (Christian Democrats),Hungary,PÉTER MAGYAR
Marit MAIJ,Group of the Progressive Alliance of Socialists and Democrats in the European Parliament,Netherlands,MARIT MAIJ
Marlena MALĄG,European Conservatives and Reformists Group,Poland,MARLENA MALĄG
Claudiu MANDA,Group of the Progressive Alliance of Socialists and Democrats in the European Parliament,Romania,CLAUDIU MANDA
Lukas MANDL,Group of the European People's Party (Christian Democrats),Austria,LUKAS MANDL
Yannis MANIATIS,Group of the Progressive Alliance of Socialists and Democrats in the European Parliament,Greece,YANNIS MANIATIS
Mario MANTOVANI,European Conservatives and Reformists Group,Italy,MARIO MANTOVANI
Pierfrancesco MARAN,Group of the Progressive Alliance of Socialists and Democrats in the European Parliament,Italy,PIERFRANCESCO MARAN
Jagna MARCZUŁAJTIS-WALCZAK,Group of the European People's Party (Christian Democrats),Poland,JAGNA MARCZUŁAJTIS-WALCZAK
Marion MARÉCHAL,European Conservatives and Reformists Group,France,MARION MARÉCHAL
Thierry MARIANI,Patriots for Europe Group,France,THIERRY MARIANI
Ignazio Roberto MARINO,Group of the Greens/European Free Alliance,Italy,IGNAZIO ROBERTO MARINO
Erik MARQUARDT,Group of the Greens/European Free Alliance,Germany,ERIK MARQUARDT
Jorge MARTÍN FRÍAS,Patriots for Europe Group,Spain,JORGE MARTÍN FRÍAS
Catarina MARTINS,The Left group in the European Parliament - GUE/NGL,Portugal,CATARINA MARTINS
Fulvio MARTUSCIELLO,Group of the European People's Party (Christian Democrats),Italy,FULVIO MARTUSCIELLO
Vicent MARZÀ IBÁÑEZ,Group of the Greens/European Free Alliance,Spain,VICENT MARZÀ IBÁÑEZ
Gabriel MATO,Group of the European People's Party (Christian Democrats),Spain,GABRIEL MATO
Sara MATTHIEU,Group of the Greens/European Free Alliance,Belgium,SARA MATTHIEU
Costas MAVRIDES,Group of the Progressive Alliance of Socialists and Democrats in the European Parliament,Cyprus,COSTAS MAVRIDES
Eva MAYDELL,Group of the European People's Party (Christian Democrats),Bulgaria,EVA MAYDELL
Georg MAYER,Patriots for Europe Group,Austria,GEORG MAYER
Milan MAZUREK,Europe of Sovereign Nations Group,Slovakia,MILAN MAZUREK
Liudas MAŽYLIS,Group of the European People's Party (Christian Democrats),Lithuania,LIUDAS MAŽYLIS
Michael MCNAMARA,Renew Europe Group,Ireland,MICHAEL MCNAMARA
Nora MEBAREK,Group of the Progressive Alliance of Socialists and Democrats in the European Parliament,France,NORA MEBAREK
Alexandra MEHNERT,Group of the European People's Party (Christian Democrats),Germany,ALEXANDRA MEHNERT
Vangelis MEIMARAKIS,Group of the European People's Party (Christian Democrats),Greece,VANGELIS MEIMARAKIS
Eleonora MELETI,Group of the European People's Party (Christian Democrats),Greece,ELEONORA MELETI
Ana Catarina MENDES,Group of the Progressive Alliance of Socialists and Democrats in the European Parliament,Portugal,ANA CATARINA MENDES
Idoia MENDIA,Group of the Progressive Alliance of Socialists and Democrats in the European Parliament,Spain,IDOIA MENDIA
Verena MERTENS,Group of the European People's Party (Christian Democrats),Germany,VERENA MERTENS
Marina MESURE,The Left group in the European Parliament - GUE/NGL,France,MARINA MESURE
Roberta METSOLA,Group of the European People's Party (Christian Democrats),Malta,ROBERTA METSOLA
Tilly METZ,Group of the Greens/European Free Alliance,Luxembourg,TILLY METZ
Sven MIKSER,Group of the Progressive Alliance of Socialists and Democrats in the European Parliament,Estonia,SVEN MIKSER
Giuseppe MILAZZO,European Conservatives and Reformists Group,Italy,GIUSEPPE MILAZZO
Francisco José MILLÁN MON,Group of the European People's Party (Christian Democrats),Spain,FRANCISCO JOSÉ MILLÁN MON
Nikola MINCHEV,Renew Europe Group,Bulgaria,NIKOLA MINCHEV
Ana MIRANDA PAZ,Group of the Greens/European Free Alliance,Spain,ANA MIRANDA PAZ
Csaba MOLNÁR,Group of the Progressive Alliance of Socialists and Democrats in the European Parliament,Hungary,CSABA MOLNÁR
Irene MONTERO,The Left group in the European Parliament - GUE/NGL,Spain,IRENE MONTERO
Dolors MONTSERRAT,Group of the European People's Party (Christian Democrats),Spain,DOLORS MONTSERRAT
Carolina MORACE,The Left group in the European Parliament - GUE/NGL,Italy,CAROLINA MORACE
Nadine MORANO,Group of the European People's Party (Christian Democrats),France,NADINE MORANO
Letizia MORATTI,Group of the European People's Party (Christian Democrats),Italy,LETIZIA MORATTI
Tiago MOREIRA DE SÁ,Patriots for Europe Group,Portugal,TIAGO MOREIRA DE SÁ
Javier MORENO SÁNCHEZ,Group of the Progressive Alliance of Socialists and Democrats in the European Parliament,Spain,JAVIER MORENO SÁNCHEZ
Alessandra MORETTI,Group of the Progressive Alliance of Socialists and Democrats in the European Parliament,Italy,ALESSANDRA MORETTI
Dan-Ştefan MOTREANU,Group of the European People's Party (Christian Democrats),Romania,DAN-ŞTEFAN MOTREANU
Arkadiusz MULARCZYK,European Conservatives and Reformists Group,Poland,ARKADIUSZ MULARCZYK
Piotr MÜLLER,European Conservatives and Reformists Group,Poland,PIOTR MÜLLER
Ciaran MULLOOLY,Renew Europe Group,Ireland,CIARAN MULLOOLY
Siegfried MUREŞAN,Group of the European People's Party (Christian Democrats),Romania,SIEGFRIED MUREŞAN
Ştefan MUŞOIU,Group of the Progressive Alliance of Socialists and Democrats in the European Parliament,Romania,ŞTEFAN MUŞOIU
Jana NAGYOVÁ,Patriots for Europe Group,Czechia,JANA NAGYOVÁ
Dario NARDELLA,Group of the Progressive Alliance of Socialists and Democrats in the European Parliament,Italy,DARIO NARDELLA
Fernando NAVARRETE ROJAS,Group of the European People's Party (Christian Democrats),Spain,FERNANDO NAVARRETE ROJAS
Victor NEGRESCU,Group of the Progressive Alliance of Socialists and Democrats in the European Parliament,Romania,VICTOR NEGRESCU
Matjaž NEMEC,Group of the Progressive Alliance of Socialists and Democrats in the European Parliament,Slovenia,MATJAŽ NEMEC
Danuše NERUDOVÁ,Group of the European People's Party (Christian Democrats),Czechia,DANUŠE NERUDOVÁ
Denis NESCI,European Conservatives and Reformists Group,Italy,DENIS NESCI
Hans NEUHOFF,Europe of Sovereign Nations Group,Germany,HANS NEUHOFF
Hannah NEUMANN,Group of the Greens/European Free Alliance,Germany,HANNAH NEUMANN
Elena NEVADO DEL CAMPO,Group of the European People's Party (Christian Democrats),Spain,ELENA NEVADO DEL CAMPO
Dan NICA,Group of the Progressive Alliance of Socialists and Democrats in the European Parliament,Romania,DAN NICA
Angelika NIEBLER,Group of the European People's Party (Christian Democrats),Germany,ANGELIKA NIEBLER
Luděk NIEDERMAYER,Group of the European People's Party (Christian Democrats),Czechia,LUDĚK NIEDERMAYER
Ville NIINISTÖ,Group of the Greens/European Free Alliance,Finland,VILLE NIINISTÖ
Lefteris NIKOLAOU-ALAVANOS,Non-attached Members,Greece,LEFTERIS NIKOLAOU-ALAVANOS
Aleksandar NIKOLIC,Patriots for Europe Group,France,ALEKSANDAR NIKOLIC
Cynthia NÍ MHURCHÚ,Renew Europe Group,Ireland,CYNTHIA NÍ MHURCHÚ
Maria NOICHL,Group of the Progressive Alliance of Socialists and Democrats in the European Parliament,Germany,MARIA NOICHL
Rasmus NORDQVIST,Group of the Greens/European Free Alliance,Denmark,RASMUS NORDQVIST
Andrey NOVAKOV,Group of the European People's Party (Christian Democrats),Bulgaria,ANDREY NOVAKOV
Mirosława NYKIEL,Group of the European People's Party (Christian Democrats),Poland,MIROSŁAWA NYKIEL
Daniel OBAJTEK,European Conservatives and Reformists Group,Poland,DANIEL OBAJTEK
Ľudovít ÓDOR,Renew Europe Group,Slovakia,ĽUDOVÍT ÓDOR
Jan-Christoph OETJEN,Renew Europe Group,Germany,JAN-CHRISTOPH OETJEN
Maria OHISALO,Group of the Greens/European Free Alliance,Finland,MARIA OHISALO
João OLIVEIRA,The Left group in the European Parliament - GUE/NGL,Portugal,JOÃO OLIVEIRA
Philippe OLIVIER,Patriots for Europe Group,France,PHILIPPE OLIVIER
Younous OMARJEE,The Left group in the European Parliament - GUE/NGL,France,YOUNOUS OMARJEE
Branislav ONDRUŠ,Non-attached Members,Slovakia,BRANISLAV ONDRUŠ
Aodhán Ó RÍORDÁIN,Group of the Progressive Alliance of Socialists and Democrats in the European Parliament,Ireland,AODHÁN Ó RÍORDÁIN
Leoluca ORLANDO,Group of the Greens/European Free Alliance,Italy,LEOLUCA ORLANDO
Jacek OZDOBA,European Conservatives and Reformists Group,Poland,JACEK OZDOBA
Urmas PAET,Renew Europe Group,Estonia,URMAS PAET
Leire PAJÍN,Group of the Progressive Alliance of Socialists and Democrats in the European Parliament,Spain,LEIRE PAJÍN
Valentina PALMISANO,The Left group in the European Parliament - GUE/NGL,Italy,VALENTINA PALMISANO
Fidias PANAYIOTOU,Non-attached Members,Cyprus,FIDIAS PANAYIOTOU
Kostas PAPADAKIS,Non-attached Members,Greece,KOSTAS PAPADAKIS
Nikos PAPANDREOU,Group of the Progressive Alliance of Socialists and Democrats in the European Parliament,Greece,NIKOS PAPANDREOU
Nikos PAPPAS,The Left group in the European Parliament - GUE/NGL,Greece,NIKOS PAPPAS
Nicolás PASCUAL DE LA PARTE,Group of the European People's Party (Christian Democrats),Spain,NICOLÁS PASCUAL DE LA PARTE
Aldo PATRICIELLO,Patriots for Europe Group,Italy,ALDO PATRICIELLO
Jutta PAULUS,Group of the Greens/European Free Alliance,Germany,JUTTA PAULUS
Ana Miguel PEDRO,Group of the European People's Party (Christian Democrats),Portugal,ANA MIGUEL PEDRO
Gaetano PEDULLA',The Left group in the European Parliament - GUE/NGL,Italy,GAETANO PEDULLA'
Thomas PELLERIN-CARLIN,Group of the Progressive Alliance of Socialists and Democrats in the European Parliament,France,THOMAS PELLERIN-CARLIN
Guillaume PELTIER,European Conservatives and Reformists Group,France,GUILLAUME PELTIER
Tsvetelina PENKOVA,Group of the Progressive Alliance of Socialists and Democrats in the European Parliament,Bulgaria,TSVETELINA PENKOVA
Gilles PENNELLE,Patriots for Europe Group,France,GILLES PENNELLE
Lídia PEREIRA,Group of the European People's Party (Christian Democrats),Portugal,LÍDIA PEREIRA
Alvise PÉREZ,Non-attached Members,Spain,ALVISE PÉREZ
Kira Marie PETER-HANSEN,Group of the Greens/European Free Alliance,Denmark,KIRA MARIE PETER-HANSEN
Hristo PETROV,Renew Europe Group,Bulgaria,HRISTO PETROV
Michele PICARO,European Conservatives and Reformists Group,Italy,MICHELE PICARO
Pina PICIERNO,Group of the Progressive Alliance of Socialists and Democrats in the European Parliament,Italy,PINA PICIERNO
Tonino PICULA,Group of the Progressive Alliance of Socialists and Democrats in the European Parliament,Croatia,TONINO PICULA
Pascale PIERA,Patriots for Europe Group,France,PASCALE PIERA
Sirpa PIETIKÄINEN,Group of the European People's Party (Christian Democrats),Finland,SIRPA PIETIKÄINEN
Pierre PIMPIE,Patriots for Europe Group,France,PIERRE PIMPIE
Gheorghe PIPEREA,European Conservatives and Reformists Group,Romania,GHEORGHE PIPEREA
Margarita DE LA PISA CARRIÓN,Patriots for Europe Group,Spain,MARGARITA DE LA PISA CARRIÓN
Jaroslava POKORNÁ JERMANOVÁ,Patriots for Europe Group,Czechia,JAROSLAVA POKORNÁ JERMANOVÁ
Daniele POLATO,European Conservatives and Reformists Group,Italy,DANIELE POLATO
Jessica POLFJÄRD,Group of the European People's Party (Christian Democrats),Sweden,JESSICA POLFJÄRD
Virgil-Daniel POPESCU,Group of the European People's Party (Christian Democrats),Romania,VIRGIL-DANIEL POPESCU
Reinis POZŅAKS,European Conservatives and Reformists Group,Latvia,REINIS POZŅAKS
Vladimir PREBILIČ,Group of the Greens/European Free Alliance,Slovenia,VLADIMIR PREBILIČ
Giusi PRINCI,Group of the European People's Party (Christian Democrats),Italy,GIUSI PRINCI
Nicola PROCACCINI,European Conservatives and Reformists Group,Italy,NICOLA PROCACCINI
Jacek PROTAS,Group of the European People's Party (Christian Democrats),Poland,JACEK PROTAS
Friedrich PÜRNER,Non-attached Members,Germany,FRIEDRICH PÜRNER
Emil RADEV,Group of the European People's Party (Christian Democrats),Bulgaria,EMIL RADEV
Dennis RADTKE,Group of the European People's Party (Christian Democrats),Germany,DENNIS RADTKE
Emma RAFOWICZ,Group of the Progressive Alliance of Socialists and Democrats in the European Parliament,France,EMMA RAFOWICZ
Jüri RATAS,Group of the European People's Party (Christian Democrats),Estonia,JÜRI RATAS
Ruggero RAZZA,European Conservatives and Reformists Group,Italy,RUGGERO RAZZA
Julie RECHAGNEUX,Patriots for Europe Group,France,JULIE RECHAGNEUX
Evelyn REGNER,Group of the Progressive Alliance of Socialists and Democrats in the European Parliament,Austria,EVELYN REGNER
Terry REINTKE,Group of the Greens/European Free Alliance,Germany,TERRY REINTKE
René REPASI,Group of the Progressive Alliance of Socialists and Democrats in the European Parliament,Germany,RENÉ REPASI
Sabrina REPP,Group of the Progressive Alliance of Socialists and Democrats in the European Parliament,Germany,SABRINA REPP
Karlo RESSLER,Group of the European People's Party (Christian Democrats),Croatia,KARLO RESSLER
Thijs REUTEN,Group of the Progressive Alliance of Socialists and Democrats in the European Parliament,Netherlands,THIJS REUTEN
Diana RIBA I GINER,Group of the Greens/European Free Alliance,Spain,DIANA RIBA I GINER
Matteo RICCI,Group of the Progressive Alliance of Socialists and Democrats in the European Parliament,Italy,MATTEO RICCI
Chloé RIDEL,Group of the Progressive Alliance of Socialists and Democrats in the European Parliament,France,CHLOÉ RIDEL
Nela RIEHL,Group of the Greens/European Free Alliance,Germany,NELA RIEHL
Manuela RIPA,Group of the European People's Party (Christian Democrats),Germany,MANUELA RIPA
André RODRIGUES,Group of the Progressive Alliance of Socialists and Democrats in the European Parliament,Portugal,ANDRÉ RODRIGUES
Marcos ROS SEMPERE,Group of the Progressive Alliance of Socialists and Democrats in the European Parliament,Spain,MARCOS ROS SEMPERE
Katarína ROTH NEVEĎALOVÁ,Non-attached Members,Slovakia,KATARÍNA ROTH NEVEĎALOVÁ
André ROUGÉ,Patriots for Europe Group,France,ANDRÉ ROUGÉ
Bert-Jan RUISSEN,European Conservatives and Reformists Group,Netherlands,BERT-JAN RUISSEN
Sandro RUOTOLO,Group of the Progressive Alliance of Socialists and Democrats in the European Parliament,Italy,SANDRO RUOTOLO
Bogdan RZOŃCA,European Conservatives and Reformists Group,Poland,BOGDAN RZOŃCA
Arash SAEIDI,The Left group in the European Parliament - GUE/NGL,France,ARASH SAEIDI
Massimiliano SALINI,Group of the European People's Party (Christian Democrats),Italy,MASSIMILIANO SALINI
Ilaria SALIS,The Left group in the European Parliament - GUE/NGL,Italy,ILARIA SALIS
Aura SALLA,Group of the European People's Party (Christian Democrats),Finland,AURA SALLA
Nacho SÁNCHEZ AMOR,Group of the Progressive Alliance of Socialists and Democrats in the European Parliament,Spain,NACHO SÁNCHEZ AMOR
Julien SANCHEZ,Patriots for Europe Group,France,JULIEN SANCHEZ
Elena SANCHO MURILLO,Group of the Progressive Alliance of Socialists and Democrats in the European Parliament,Spain,ELENA SANCHO MURILLO
Jussi SARAMO,The Left group in the European Parliament - GUE/NGL,Finland,JUSSI SARAMO
Silvia SARDONE,Patriots for Europe Group,Italy,SILVIA SARDONE
Marjan ŠAREC,Renew Europe Group,Slovenia,MARJAN ŠAREC
Eric SARGIACOMO,Group of the Progressive Alliance of Socialists and Democrats in the European Parliament,France,ERIC SARGIACOMO
Mounir SATOURI,Group of the Greens/European Free Alliance,France,MOUNIR SATOURI
Paulius SAUDARGAS,Group of the European People's Party (Christian Democrats),Lithuania,PAULIUS SAUDARGAS
Majdouline SBAI,Group of the Greens/European Free Alliance,France,MAJDOULINE SBAI
Antonella SBERNA,European Conservatives and Reformists Group,Italy,ANTONELLA SBERNA
Christel SCHALDEMOSE,Group of the Progressive Alliance of Socialists and Democrats in the European Parliament,Denmark,CHRISTEL SCHALDEMOSE
Ernő SCHALLER-BAROSS,Patriots for Europe Group,Hungary,ERNŐ SCHALLER-BAROSS
Oliver SCHENK,Group of the European People's Party (Christian Democrats),Germany,OLIVER SCHENK
Joanna SCHEURING-WIELGUS,Group of the Progressive Alliance of Socialists and Democrats in the European Parliament,Poland,JOANNA SCHEURING-WIELGUS
Andreas SCHIEDER,Group of the Progressive Alliance of Socialists and Democrats in the European Parliament,Austria,ANDREAS SCHIEDER
Lena SCHILLING,Group of the Greens/European Free Alliance,Austria,LENA SCHILLING
Martin SCHIRDEWAN,The Left group in the European Parliament - GUE/NGL,Germany,MARTIN SCHIRDEWAN
Christine SCHNEIDER,Group of the European People's Party (Christian Democrats),Germany,CHRISTINE SCHNEIDER
Volker SCHNURRBUSCH,Europe of Sovereign Nations Group,Germany,VOLKER SCHNURRBUSCH
Andreas SCHWAB,Group of the European People's Party (Christian Democrats),Germany,ANDREAS SCHWAB
Benedetta SCUDERI,Group of the Greens/European Free Alliance,Italy,BENEDETTA SCUDERI
Ralf SEEKATZ,Group of the European People's Party (Christian Democrats),Germany,RALF SEEKATZ
Alexander SELL,Europe of Sovereign Nations Group,Germany,ALEXANDER SELL
Rosa SERRANO SIERRA,Group of the Progressive Alliance of Socialists and Democrats in the European Parliament,Spain,ROSA SERRANO SIERRA
Isabel SERRA SÁNCHEZ,The Left group in the European Parliament - GUE/NGL,Spain,ISABEL SERRA SÁNCHEZ
Günther SIDL,Group of the Progressive Alliance of Socialists and Democrats in the European Parliament,Austria,GÜNTHER SIDL
Bartłomiej SIENKIEWICZ,Group of the European People's Party (Christian Democrats),Poland,BARTŁOMIEJ SIENKIEWICZ
Lukas SIEPER,Non-attached Members,Germany,LUKAS SIEPER
Sven SIMON,Group of the European People's Party (Christian Democrats),Germany,SVEN SIMON
Christine SINGER,Renew Europe Group,Germany,CHRISTINE SINGER
Virginijus SINKEVIČIUS,Group of the Greens/European Free Alliance,Lithuania,VIRGINIJUS SINKEVIČIUS
Birgit SIPPEL,Group of the Progressive Alliance of Socialists and Democrats in the European Parliament,Germany,BIRGIT SIPPEL
Jonas SJÖSTEDT,The Left group in the European Parliament - GUE/NGL,Sweden,JONAS SJÖSTEDT
Krzysztof ŚMISZEK,Group of the Progressive Alliance of Socialists and Democrats in the European Parliament,Poland,KRZYSZTOF ŚMISZEK
Anthony SMITH,The Left group in the European Parliament - GUE/NGL,France,ANTHONY SMITH
Sander SMIT,Group of the European People's Party (Christian Democrats),Netherlands,SANDER SMIT
Tomislav SOKOL,Group of the European People's Party (Christian Democrats),Croatia,TOMISLAV SOKOL
Diego SOLIER,European Conservatives and Reformists Group,Spain,DIEGO SOLIER
Susana SOLÍS PÉREZ,Group of the European People's Party (Christian Democrats),Spain,SUSANA SOLÍS PÉREZ
Liesbet SOMMEN,Group of the European People's Party (Christian Democrats),Belgium,LIESBET SOMMEN
Martin SONNEBORN,Non-attached Members,Germany,MARTIN SONNEBORN
Malika SOREL,Non-attached Members,France,MALIKA SOREL
Hélder SOUSA SILVA,Group of the European People's Party (Christian Democrats),Portugal,HÉLDER SOUSA SILVA
Villy SØVNDAL,Group of the Greens/European Free Alliance,Denmark,VILLY SØVNDAL
Marco SQUARTA,European Conservatives and Reformists Group,Italy,MARCO SQUARTA
Mārtiņš STAĶIS,Group of the Greens/European Free Alliance,Latvia,MĀRTIŅŠ STAĶIS
Raffaele STANCANELLI,Patriots for Europe Group,Italy,RAFFAELE STANCANELLI
Antonín STANĚK,Patriots for Europe Group,Czechia,ANTONÍN STANĚK
Nicolae ȘTEFĂNUȚĂ,Group of the Greens/European Free Alliance,Romania,NICOLAE ȘTEFĂNUȚĂ
Petra STEGER,Patriots for Europe Group,Austria,PETRA STEGER
Davor Ivo STIER,Group of the European People's Party (Christian Democrats),Croatia,DAVOR IVO STIER
Kristoffer STORM,European Conservatives and Reformists Group,Denmark,KRISTOFFER STORM
Stanislav STOYANOV,Europe of Sovereign Nations Group,Bulgaria,STANISLAV STOYANOV
Marie-Agnes STRACK-ZIMMERMANN,Renew Europe Group,Germany,MARIE-AGNES STRACK-ZIMMERMANN
Cecilia STRADA,Group of the Progressive Alliance of Socialists and Democrats in the European Parliament,Italy,CECILIA STRADA
Joachim STREIT,Renew Europe Group,Germany,JOACHIM STREIT
Tineke STRIK,Group of the Greens/European Free Alliance,Netherlands,TINEKE STRIK
Anna STROLENBERG,Group of the Greens/European Free Alliance,Netherlands,ANNA STROLENBERG
Şerban Dimitrie STURDZA,European Conservatives and Reformists Group,Romania,ŞERBAN DIMITRIE STURDZA
Anna STÜRGKH,Renew Europe Group,Austria,ANNA STÜRGKH
Marcin SYPNIEWSKI,Europe of Sovereign Nations Group,Poland,MARCIN SYPNIEWSKI
Michał SZCZERBA,Group of the European People's Party (Christian Democrats),Poland,MICHAŁ SZCZERBA
Pál SZEKERES,Patriots for Europe Group,Hungary,PÁL SZEKERES
Beata SZYDŁO,European Conservatives and Reformists Group,Poland,BEATA SZYDŁO
Dario TAMBURRANO,The Left group in the European Parliament - GUE/NGL,Italy,DARIO TAMBURRANO
António TÂNGER CORRÊA,Patriots for Europe Group,Portugal,ANTÓNIO TÂNGER CORRÊA
Dominik TARCZYŃSKI,European Conservatives and Reformists Group,Poland,DOMINIK TARCZYŃSKI
Marco TARQUINIO,Group of the Progressive Alliance of Socialists and Democrats in the European Parliament,Italy,MARCO TARQUINIO
Zoltán TARR,Group of the European People's Party (Christian Democrats),Hungary,ZOLTÁN TARR
Claudiu-Richard TÂRZIU,European Conservatives and Reformists Group,Romania,CLAUDIU-RICHARD TÂRZIU
Carla TAVARES,Group of the Progressive Alliance of Socialists and Democrats in the European Parliament,Portugal,CARLA TAVARES
Kai TEGETHOFF,Group of the Greens/European Free Alliance,Germany,KAI TEGETHOFF
Marta TEMIDO,Group of the Progressive Alliance of Socialists and Democrats in the European Parliament,Portugal,MARTA TEMIDO
Georgiana TEODORESCU,European Conservatives and Reformists Group,Romania,GEORGIANA TEODORESCU
Alice TEODORESCU MÅWE,Group of the European People's Party (Christian Democrats),Sweden,ALICE TEODORESCU MÅWE
Cristian TERHEŞ,European Conservatives and Reformists Group,Romania,CRISTIAN TERHEŞ
Ingeborg TER LAAK,Group of the European People's Party (Christian Democrats),Netherlands,INGEBORG TER LAAK
Riho TERRAS,Group of the European People's Party (Christian Democrats),Estonia,RIHO TERRAS
Hermann TERTSCH,Patriots for Europe Group,Spain,HERMANN TERTSCH
Pierre-Romain THIONNET,Patriots for Europe Group,France,PIERRE-ROMAIN THIONNET
Beatrice TIMGREN,European Conservatives and Reformists Group,Sweden,BEATRICE TIMGREN
Irene TINAGLI,Group of the Progressive Alliance of Socialists and Democrats in the European Parliament,Italy,IRENE TINAGLI
Bruno TOBBACK,Group of the Progressive Alliance of Socialists and Democrats in the European Parliament,Belgium,BRUNO TOBBACK
Tomas TOBÉ,Group of the European People's Party (Christian Democrats),Sweden,TOMAS TOBÉ
Rody TOLASSY,Patriots for Europe Group,France,RODY TOLASSY
Eugen TOMAC,Renew Europe Group,Romania,EUGEN TOMAC
Zala TOMAŠIČ,Group of the European People's Party (Christian Democrats),Slovenia,ZALA TOMAŠIČ
Waldemar TOMASZEWSKI,European Conservatives and Reformists Group,Lithuania,WALDEMAR TOMASZEWSKI
Romana TOMC,Group of the European People's Party (Christian Democrats),Slovenia,ROMANA TOMC
Matej TONIN,Group of the European People's Party (Christian Democrats),Slovenia,MATEJ TONIN
Jana TOOM,Renew Europe Group,Estonia,JANA TOOM
Raffaele TOPO,Group of the Progressive Alliance of Socialists and Democrats in the European Parliament,Italy,RAFFAELE TOPO
Francesco TORSELLI,European Conservatives and Reformists Group,Italy,FRANCESCO TORSELLI
Flavio TOSI,Group of the European People's Party (Christian Democrats),Italy,FLAVIO TOSI
Marie TOUSSAINT,Group of the Greens/European Free Alliance,France,MARIE TOUSSAINT
Isabella TOVAGLIERI,Patriots for Europe Group,Italy,ISABELLA TOVAGLIERI
Pekka TOVERI,Group of the European People's Party (Christian Democrats),Finland,PEKKA TOVERI
Pasquale TRIDICO,The Left group in the European Parliament - GUE/NGL,Italy,PASQUALE TRIDICO
Laurence TROCHU,European Conservatives and Reformists Group,France,LAURENCE TROCHU
Dimitris TSIODRAS,Group of the European People's Party (Christian Democrats),Greece,DIMITRIS TSIODRAS
Mihai TUDOSE,Group of the Progressive Alliance of Socialists and Democrats in the European Parliament,Romania,MIHAI TUDOSE
Sebastian TYNKKYNEN,European Conservatives and Reformists Group,Finland,SEBASTIAN TYNKKYNEN
Stanisław TYSZKA,Europe of Sovereign Nations Group,Poland,STANISŁAW TYSZKA
Milan UHRÍK,Europe of Sovereign Nations Group,Slovakia,MILAN UHRÍK
Nils UŠAKOVS,Group of the Progressive Alliance of Socialists and Democrats in the European Parliament,Latvia,NILS UŠAKOVS
Inese VAIDERE,Group of the European People's Party (Christian Democrats),Latvia,INESE VAIDERE
Ivaylo VALCHEV,European Conservatives and Reformists Group,Bulgaria,IVAYLO VALCHEV
Adina VĂLEAN,Group of the European People's Party (Christian Democrats),Romania,ADINA VĂLEAN
Matthieu VALET,Patriots for Europe Group,France,MATTHIEU VALET
Kathleen VAN BREMPT,Group of the Progressive Alliance of Socialists and Democrats in the European Parliament,Belgium,KATHLEEN VAN BREMPT
Anouk VAN BRUG,Renew Europe Group,Netherlands,ANOUK VAN BRUG
Brigitte VAN DEN BERG,Renew Europe Group,Netherlands,BRIGITTE VAN DEN BERG
Tom VANDENDRIESSCHE,Patriots for Europe Group,Belgium,TOM VANDENDRIESSCHE
Kris VAN DIJCK,European Conservatives and Reformists Group,Belgium,KRIS VAN DIJCK
Reinier VAN LANSCHOT,Group of the Greens/European Free Alliance,Netherlands,REINIER VAN LANSCHOT
Jessika VAN LEEUWEN,Group of the European People's Party (Christian Democrats),Netherlands,JESSIKA VAN LEEUWEN
Roberto VANNACCI,Patriots for Europe Group,Italy,ROBERTO VANNACCI
Johan VAN OVERTVELDT,European Conservatives and Reformists Group,Belgium,JOHAN VAN OVERTVELDT
Kim VAN SPARRENTAK,Group of the Greens/European Free Alliance,Netherlands,KIM VAN SPARRENTAK
Alexandre VARAUT,Patriots for Europe Group,France,ALEXANDRE VARAUT
Ana VASCONCELOS,Renew Europe Group,Portugal,ANA VASCONCELOS
Vlad VASILE-VOICULESCU,Renew Europe Group,Romania,VLAD VASILE-VOICULESCU
Hilde VAUTMANS,Renew Europe Group,Belgium,HILDE VAUTMANS
Francesco VENTOLA,European Conservatives and Reformists Group,Italy,FRANCESCO VENTOLA
Sabine VERHEYEN,Group of the European People's Party (Christian Democrats),Germany,SABINE VERHEYEN
Yvan VEROUGSTRAETE,Renew Europe Group,Belgium,YVAN VEROUGSTRAETE
Aurelijus VERYGA,European Conservatives and Reformists Group,Lithuania,AURELIJUS VERYGA
Marko VEŠLIGAJ,Group of the Progressive Alliance of Socialists and Democrats in the European Parliament,Croatia,MARKO VEŠLIGAJ
Annamária VICSEK,Patriots for Europe Group,Hungary,ANNAMÁRIA VICSEK
Catarina VIEIRA,Group of the Greens/European Free Alliance,Netherlands,CATARINA VIEIRA
Kristian VIGENIN,Group of the Progressive Alliance of Socialists and Democrats in the European Parliament,Bulgaria,KRISTIAN VIGENIN
Harald VILIMSKY,Patriots for Europe Group,Austria,HARALD VILIMSKY
Loránt VINCZE,Group of the European People's Party (Christian Democrats),Romania,LORÁNT VINCZE
Marianne VIND,Group of the Progressive Alliance of Socialists and Democrats in the European Parliament,Denmark,MARIANNE VIND
Anders VISTISEN,Patriots for Europe Group,Denmark,ANDERS VISTISEN
Mariateresa VIVALDINI,European Conservatives and Reformists Group,Italy,MARIATERESA VIVALDINI
Petar VOLGIN,Europe of Sovereign Nations Group,Bulgaria,PETAR VOLGIN
Michael VON DER SCHULENBURG,Non-attached Members,Germany,MICHAEL VON DER SCHULENBURG
Alexandr VONDRA,European Conservatives and Reformists Group,Czechia,ALEXANDR VONDRA
Axel VOSS,Group of the European People's Party (Christian Democrats),Germany,AXEL VOSS
Elissavet VOZEMBERG-VRIONIDI,Group of the European People's Party (Christian Democrats),Greece,ELISSAVET VOZEMBERG-VRIONIDI
Veronika VRECIONOVÁ,European Conservatives and Reformists Group,Czechia,VERONIKA VRECIONOVÁ
Adrián VÁZQUEZ LÁZARA,Group of the European People's Party (Christian Democrats),Spain,ADRIÁN VÁZQUEZ LÁZARA
Thomas WAITZ,Group of the Greens/European Free Alliance,Austria,THOMAS WAITZ
Maria WALSH,Group of the European People's Party (Christian Democrats),Ireland,MARIA WALSH
Marion WALSMANN,Group of the European People's Party (Christian Democrats),Germany,MARION WALSMANN
Jörgen WARBORN,Group of the European People's Party (Christian Democrats),Sweden,JÖRGEN WARBORN
Jan-Peter WARNKE,Non-attached Members,Germany,JAN-PETER WARNKE
Maciej WĄSIK,European Conservatives and Reformists Group,Poland,MACIEJ WĄSIK
Michał WAWRYKIEWICZ,Group of the European People's Party (Christian Democrats),Poland,MICHAŁ WAWRYKIEWICZ
Marta WCISŁO,Group of the European People's Party (Christian Democrats),Poland,MARTA WCISŁO
Manfred WEBER,Group of the European People's Party (Christian Democrats),Germany,MANFRED WEBER
Andrea WECHSLER,Group of the European People's Party (Christian Democrats),Germany,ANDREA WECHSLER
Charlie WEIMERS,European Conservatives and Reformists Group,Sweden,CHARLIE WEIMERS
Séverine WERBROUCK,Patriots for Europe Group,France,SÉVERINE WERBROUCK
Emma WIESNER,Renew Europe Group,Sweden,EMMA WIESNER
Michal WIEZIK,Renew Europe Group,Slovakia,MICHAL WIEZIK
Sophie WILMÈS,Renew Europe Group,Belgium,SOPHIE WILMÈS
Iuliu WINKLER,Group of the European People's Party (Christian Democrats),Romania,IULIU WINKLER
Angelika WINZIG,Group of the European People's Party (Christian Democrats),Austria,ANGELIKA WINZIG
Isabel WISELER-LIMA,Group of the European People's Party (Christian Democrats),Luxembourg,ISABEL WISELER-LIMA
Jadwiga WIŚNIEWSKA,European Conservatives and Reformists Group,Poland,JADWIGA WIŚNIEWSKA
Tiemo WÖLKEN,Group of the Progressive Alliance of Socialists and Democrats in the European Parliament,Germany,TIEMO WÖLKEN
Lara WOLTERS,Group of the Progressive Alliance of Socialists and Democrats in the European Parliament,Netherlands,LARA WOLTERS
Lucia YAR,Renew Europe Group,Slovakia,LUCIA YAR
Stéphanie YON-COURTIN,Renew Europe Group,France,STÉPHANIE YON-COURTIN
Elena YONCHEVA,Non-attached Members,Bulgaria,ELENA YONCHEVA
Maria ZACHARIA,Non-attached Members,Greece,MARIA ZACHARIA
Ewa ZAJĄCZKOWSKA-HERNIK,Europe of Sovereign Nations Group,Poland,EWA ZAJĄCZKOWSKA-HERNIK
Anna ZALEWSKA,European Conservatives and Reformists Group,Poland,ANNA ZALEWSKA
Dainius ŽALIMAS,Renew Europe Group,Lithuania,DAINIUS ŽALIMAS
Alessandro ZAN,Group of the Progressive Alliance of Socialists and Democrats in the European Parliament,Italy,ALESSANDRO ZAN
Javier ZARZALEJOS,Group of the European People's Party (Christian Democrats),Spain,JAVIER ZARZALEJOS
Tomáš ZDECHOVSKÝ,Group of the European People's Party (Christian Democrats),Czechia,TOMÁŠ ZDECHOVSKÝ
Bogdan Andrzej ZDROJEWSKI,Group of the European People's Party (Christian Democrats),Poland,BOGDAN ANDRZEJ ZDROJEWSKI
Auke ZIJLSTRA,Patriots for Europe Group,Netherlands,AUKE ZIJLSTRA
Roberts ZĪLE,European Conservatives and Reformists Group,Latvia,ROBERTS ZĪLE
Nicola ZINGARETTI,Group of the Progressive Alliance of Socialists and Democrats in the European Parliament,Italy,NICOLA ZINGARETTI
Kosma ZŁOTOWSKI,European Conservatives and Reformists Group,Poland,KOSMA ZŁOTOWSKI
Juan Ignacio ZOIDO ÁLVAREZ,Group of the European People's Party (Christian Democrats),Spain,JUAN IGNACIO ZOIDO ÁLVAREZ
Željana ZOVKO,Group of the European People's Party (Christian Democrats),Croatia,ŽELJANA ZOVKO
Milan ZVER,Group of the European People's Party (Christian Democrats),Slovenia,MILAN ZVER
